Title,Start,End
House of Spies,11/1/2018,20/1/2018
End Game,27/1/2018,29/1/2018
The Fix,21/2/2018,23/2/2018
The Fallen,25/2/2018,27/2/2018
Don't Let Go,1/3/2018,3/3/2018
American Gods,3/3/2018,12/3/2018
Two Kinds Of Truth,14/3/2018,20/3/2018
The Origin,16/4/2018,18/4/2018
The Couple Next Door,20/4/2018,22/4/2018
Rich People Problems,25/4/2018,27/4/2018
Red Sparrow,2/5/2018,5/5/2018
China Rich Girlfriend,23/5/2018,24/5/2018
American Gods,3/6/2018,12/6/2018
Two Kinds Of Truth,14/6/2018,20/6/2018
The Origin,16/6/2018,18/6/2018
The Couple Next Door,20/6/2018,22/6/2018
Rich People Problems,25/6/2018,27/6/2018
Red Sparrow,2/7/2018,5/7/2018
China Rich Girlfriend,23/7/2018,24/7/2018
The Woman Left Behind,25/7/2018,30/7/2018
Flat Broke With Two Goats,1/8/2018,7/8/2018
Men Without Women,8/8/2018,14/8/2018
Accidental Heroes,14/8/2018,14/8/2018
The Perfect Mother,17/8/2018,24/8/2018
Fooled By Randomness,29/8/2018,6/9/2018
Artemis,26/9/2018,27/9/2018
12 Rules For Life,25/10/2018,21/11/2018
Leaving Time,21/11/2018,23/11/2018
The New Confessions Of An Economic Hitman,26/11/2018,6/12/2018
Spymaster,7/12/2018,10/12/2018
